{
  "new york": {
    "DJF": 3.892542727946462,
    "MAM": 6.98590224585767,
    "SON": 2.039156172228316
  },
  "london": {
    "DJF": 2.057425575810703,
    "MAM": 2.8679754215941116,
    "SON": 1.808532408801183
  },
  "los angeles": {
    "DJF": 4.052982440952176,
    "MAM": 3.875832229560267,
    "SON": 3.606171610477034
  },
  "chicago": {
    "DJF": 4.353542618756974,
    "MAM": 6.09962881642098,
    "SON": 3.195144342345281
  },
  "dallas": {
    "DJF": 4.488318170540052,
    "MAM": 3.8057305350826383,
    "SON": 4.619837089859567
  },
  "miami": {
    "DJF": 2.8644953016776498,
    "MAM": 3.0260815936323926,
    "SON": 2.3293324094435754
  },
  "phoenix": {
    "DJF": 3.245372774342639,
    "MAM": 3.1527167080962775,
    "SON": 1.8699141550799654
  },
  "denver": {
    "DJF": 6.893918414886493,
    "MAM": 4.54972526643093,
    "SON": 5.052878283450773
  },
  "atlanta": {
    "DJF": 3.5424567746127833,
    "MAM": 3.7170946252187584,
    "SON": 3.6378131082459864
  },
  "seattle": {
    "DJF": 2.453931086599169,
    "MAM": 3.0299448902143173,
    "SON": 2.37259573596426
  },
  "seoul": {
    "DJF": 2.4201010079930323,
    "MAM": 4.507833852055314,
    "SON": 3.0653839804123106
  },
  "paris": {
    "DJF": 3.2069196019441053,
    "MAM": 2.3078209930254676,
    "SON": 2.6003036259960908
  },
  "tokyo": {
    "DJF": 2.525052254684819,
    "MAM": 2.658947160061667,
    "SON": 2.52075594342566
  },
  "austin": {
    "DJF": 4.62628960999585,
    "MAM": 3.63076477208159,
    "SON": 3.5980623440372663
  },
  "houston": {
    "DJF": 4.360147805853477,
    "MAM": 4.3279041945243115,
    "SON": 5.610070831713456
  }
}